[
  {
    "name": "Application Start",
    "start": 1541659579598,
    "end": 1541659580416,
    "duration": 818,
    "pid": 31604,
    "index": 0
  },
  {
    "name": "Load Plugin",
    "start": 1541659579603,
    "end": 1541659579614,
    "duration": 11,
    "pid": 31604,
    "index": 1
  },
  {
    "name": "Load Config",
    "start": 1541659579614,
    "end": 1541659579630,
    "duration": 16,
    "pid": 31604,
    "index": 2
  },
  {
    "name": "Require(0) config/config.default.js",
    "start": 1541659579615,
    "end": 1541659579615,
    "duration": 0,
    "pid": 31604,
    "index": 3
  },
  {
    "name": "Require(1) node_modules/egg-session/config/config.default.js",
    "start": 1541659579617,
    "end": 1541659579617,
    "duration": 0,
    "pid": 31604,
    "index": 4
  },
  {
    "name": "Require(2) node_modules/egg-security/config/config.default.js",
    "start": 1541659579617,
    "end": 1541659579618,
    "duration": 1,
    "pid": 31604,
    "index": 5
  },
  {
    "name": "Require(3) node_modules/egg-jsonp/config/config.default.js",
    "start": 1541659579618,
    "end": 1541659579618,
    "duration": 0,
    "pid": 31604,
    "index": 6
  },
  {
    "name": "Require(4) node_modules/egg-onerror/config/config.default.js",
    "start": 1541659579619,
    "end": 1541659579619,
    "duration": 0,
    "pid": 31604,
    "index": 7
  },
  {
    "name": "Require(5) node_modules/egg-i18n/config/config.default.js",
    "start": 1541659579619,
    "end": 1541659579619,
    "duration": 0,
    "pid": 31604,
    "index": 8
  },
  {
    "name": "Require(6) node_modules/egg-watcher/config/config.default.js",
    "start": 1541659579620,
    "end": 1541659579620,
    "duration": 0,
    "pid": 31604,
    "index": 9
  },
  {
    "name": "Require(7) node_modules/egg-schedule/config/config.default.js",
    "start": 1541659579621,
    "end": 1541659579621,
    "duration": 0,
    "pid": 31604,
    "index": 10
  },
  {
    "name": "Require(8) node_modules/egg-multipart/config/config.default.js",
    "start": 1541659579621,
    "end": 1541659579621,
    "duration": 0,
    "pid": 31604,
    "index": 11
  },
  {
    "name": "Require(9) node_modules/egg-development/config/config.default.js",
    "start": 1541659579622,
    "end": 1541659579622,
    "duration": 0,
    "pid": 31604,
    "index": 12
  },
  {
    "name": "Require(10) node_modules/egg-logrotator/config/config.default.js",
    "start": 1541659579622,
    "end": 1541659579623,
    "duration": 1,
    "pid": 31604,
    "index": 13
  },
  {
    "name": "Require(11) node_modules/egg-static/config/config.default.js",
    "start": 1541659579623,
    "end": 1541659579623,
    "duration": 0,
    "pid": 31604,
    "index": 14
  },
  {
    "name": "Require(12) node_modules/egg-view/config/config.default.js",
    "start": 1541659579624,
    "end": 1541659579624,
    "duration": 0,
    "pid": 31604,
    "index": 15
  },
  {
    "name": "Require(13) node_modules/egg-view-nunjucks/config/config.default.js",
    "start": 1541659579624,
    "end": 1541659579624,
    "duration": 0,
    "pid": 31604,
    "index": 16
  },
  {
    "name": "Require(14) node_modules/egg-mongoose/config/config.default.js",
    "start": 1541659579625,
    "end": 1541659579625,
    "duration": 0,
    "pid": 31604,
    "index": 17
  },
  {
    "name": "Require(15) node_modules/egg/config/config.default.js",
    "start": 1541659579625,
    "end": 1541659579626,
    "duration": 1,
    "pid": 31604,
    "index": 18
  },
  {
    "name": "Require(16) config/config.default.js",
    "start": 1541659579627,
    "end": 1541659579627,
    "duration": 0,
    "pid": 31604,
    "index": 19
  },
  {
    "name": "Require(17) node_modules/egg-security/config/config.local.js",
    "start": 1541659579627,
    "end": 1541659579627,
    "duration": 0,
    "pid": 31604,
    "index": 20
  },
  {
    "name": "Require(18) node_modules/egg-watcher/config/config.local.js",
    "start": 1541659579628,
    "end": 1541659579628,
    "duration": 0,
    "pid": 31604,
    "index": 21
  },
  {
    "name": "Require(19) node_modules/egg-view/config/config.local.js",
    "start": 1541659579629,
    "end": 1541659579629,
    "duration": 0,
    "pid": 31604,
    "index": 22
  },
  {
    "name": "Require(20) node_modules/egg-view-nunjucks/config/config.local.js",
    "start": 1541659579629,
    "end": 1541659579629,
    "duration": 0,
    "pid": 31604,
    "index": 23
  },
  {
    "name": "Require(21) node_modules/egg/config/config.local.js",
    "start": 1541659579629,
    "end": 1541659579630,
    "duration": 1,
    "pid": 31604,
    "index": 24
  },
  {
    "name": "Load extend/application.js",
    "start": 1541659579632,
    "end": 1541659579679,
    "duration": 47,
    "pid": 31604,
    "index": 25
  },
  {
    "name": "Require(22) node_modules/egg-session/app/extend/application.js",
    "start": 1541659579632,
    "end": 1541659579633,
    "duration": 1,
    "pid": 31604,
    "index": 26
  },
  {
    "name": "Require(23) node_modules/egg-security/app/extend/application.js",
    "start": 1541659579633,
    "end": 1541659579634,
    "duration": 1,
    "pid": 31604,
    "index": 27
  },
  {
    "name": "Require(24) node_modules/egg-jsonp/app/extend/application.js",
    "start": 1541659579634,
    "end": 1541659579635,
    "duration": 1,
    "pid": 31604,
    "index": 28
  },
  {
    "name": "Require(25) node_modules/egg-logrotator/app/extend/application.js",
    "start": 1541659579636,
    "end": 1541659579637,
    "duration": 1,
    "pid": 31604,
    "index": 29
  },
  {
    "name": "Require(26) node_modules/egg-view/app/extend/application.js",
    "start": 1541659579637,
    "end": 1541659579638,
    "duration": 1,
    "pid": 31604,
    "index": 30
  },
  {
    "name": "Require(27) node_modules/egg-view-nunjucks/app/extend/application.js",
    "start": 1541659579638,
    "end": 1541659579678,
    "duration": 40,
    "pid": 31604,
    "index": 31
  },
  {
    "name": "Load extend/request.js",
    "start": 1541659579679,
    "end": 1541659579683,
    "duration": 4,
    "pid": 31604,
    "index": 32
  },
  {
    "name": "Require(28) node_modules/egg/app/extend/request.js",
    "start": 1541659579681,
    "end": 1541659579681,
    "duration": 0,
    "pid": 31604,
    "index": 33
  },
  {
    "name": "Load extend/response.js",
    "start": 1541659579683,
    "end": 1541659579687,
    "duration": 4,
    "pid": 31604,
    "index": 34
  },
  {
    "name": "Require(29) node_modules/egg/app/extend/response.js",
    "start": 1541659579684,
    "end": 1541659579685,
    "duration": 1,
    "pid": 31604,
    "index": 35
  },
  {
    "name": "Load extend/context.js",
    "start": 1541659579687,
    "end": 1541659579752,
    "duration": 65,
    "pid": 31604,
    "index": 36
  },
  {
    "name": "Require(30) node_modules/egg-security/app/extend/context.js",
    "start": 1541659579687,
    "end": 1541659579701,
    "duration": 14,
    "pid": 31604,
    "index": 37
  },
  {
    "name": "Require(31) node_modules/egg-jsonp/app/extend/context.js",
    "start": 1541659579701,
    "end": 1541659579702,
    "duration": 1,
    "pid": 31604,
    "index": 38
  },
  {
    "name": "Require(32) node_modules/egg-i18n/app/extend/context.js",
    "start": 1541659579702,
    "end": 1541659579703,
    "duration": 1,
    "pid": 31604,
    "index": 39
  },
  {
    "name": "Require(33) node_modules/egg-multipart/app/extend/context.js",
    "start": 1541659579703,
    "end": 1541659579747,
    "duration": 44,
    "pid": 31604,
    "index": 40
  },
  {
    "name": "Require(34) node_modules/egg-view/app/extend/context.js",
    "start": 1541659579748,
    "end": 1541659579748,
    "duration": 0,
    "pid": 31604,
    "index": 41
  },
  {
    "name": "Require(35) node_modules/egg-mongoose/app/extend/context.js",
    "start": 1541659579749,
    "end": 1541659579749,
    "duration": 0,
    "pid": 31604,
    "index": 42
  },
  {
    "name": "Require(36) node_modules/egg/app/extend/context.js",
    "start": 1541659579750,
    "end": 1541659579751,
    "duration": 1,
    "pid": 31604,
    "index": 43
  },
  {
    "name": "Load extend/helper.js",
    "start": 1541659579752,
    "end": 1541659579769,
    "duration": 17,
    "pid": 31604,
    "index": 44
  },
  {
    "name": "Require(37) node_modules/egg-security/app/extend/helper.js",
    "start": 1541659579752,
    "end": 1541659579766,
    "duration": 14,
    "pid": 31604,
    "index": 45
  },
  {
    "name": "Require(38) node_modules/egg/app/extend/helper.js",
    "start": 1541659579767,
    "end": 1541659579767,
    "duration": 0,
    "pid": 31604,
    "index": 46
  },
  {
    "name": "Load app.js",
    "start": 1541659579769,
    "end": 1541659579806,
    "duration": 37,
    "pid": 31604,
    "index": 47
  },
  {
    "name": "Require(39) node_modules/egg-session/app.js",
    "start": 1541659579769,
    "end": 1541659579769,
    "duration": 0,
    "pid": 31604,
    "index": 48
  },
  {
    "name": "Require(40) node_modules/egg-security/app.js",
    "start": 1541659579770,
    "end": 1541659579772,
    "duration": 2,
    "pid": 31604,
    "index": 49
  },
  {
    "name": "Require(41) node_modules/egg-onerror/app.js",
    "start": 1541659579772,
    "end": 1541659579780,
    "duration": 8,
    "pid": 31604,
    "index": 50
  },
  {
    "name": "Require(42) node_modules/egg-i18n/app.js",
    "start": 1541659579780,
    "end": 1541659579797,
    "duration": 17,
    "pid": 31604,
    "index": 51
  },
  {
    "name": "Require(43) node_modules/egg-watcher/app.js",
    "start": 1541659579797,
    "end": 1541659579799,
    "duration": 2,
    "pid": 31604,
    "index": 52
  },
  {
    "name": "Require(44) node_modules/egg-schedule/app.js",
    "start": 1541659579799,
    "end": 1541659579801,
    "duration": 2,
    "pid": 31604,
    "index": 53
  },
  {
    "name": "Require(45) node_modules/egg-multipart/app.js",
    "start": 1541659579801,
    "end": 1541659579803,
    "duration": 2,
    "pid": 31604,
    "index": 54
  },
  {
    "name": "Require(46) node_modules/egg-development/app.js",
    "start": 1541659579803,
    "end": 1541659579803,
    "duration": 0,
    "pid": 31604,
    "index": 55
  },
  {
    "name": "Require(47) node_modules/egg-logrotator/app.js",
    "start": 1541659579803,
    "end": 1541659579804,
    "duration": 1,
    "pid": 31604,
    "index": 56
  },
  {
    "name": "Require(48) node_modules/egg-static/app.js",
    "start": 1541659579804,
    "end": 1541659579804,
    "duration": 0,
    "pid": 31604,
    "index": 57
  },
  {
    "name": "Require(49) node_modules/egg-view-nunjucks/app.js",
    "start": 1541659579805,
    "end": 1541659579805,
    "duration": 0,
    "pid": 31604,
    "index": 58
  },
  {
    "name": "Require(50) node_modules/egg-mongoose/app.js",
    "start": 1541659579805,
    "end": 1541659579805,
    "duration": 0,
    "pid": 31604,
    "index": 59
  },
  {
    "name": "Before Start in node_modules/egg-watcher/lib/init.js:15:14",
    "start": 1541659579827,
    "end": 1541659580415,
    "duration": 588,
    "pid": 31604,
    "index": 60
  },
  {
    "name": "Before Start in node_modules/egg-mongoose/lib/mongoose.js:83:7",
    "start": 1541659580268,
    "end": 1541659580412,
    "duration": 144,
    "pid": 31604,
    "index": 61
  },
  {
    "name": "Before Start in node_modules/egg-mongoose/lib/mongoose.js:42:9",
    "start": 1541659580268,
    "end": 1541659580392,
    "duration": 124,
    "pid": 31604,
    "index": 62
  },
  {
    "name": "Load Service",
    "start": 1541659580268,
    "end": 1541659580274,
    "duration": 6,
    "pid": 31604,
    "index": 63
  },
  {
    "name": "Load \"service\" to Context",
    "start": 1541659580268,
    "end": 1541659580274,
    "duration": 6,
    "pid": 31604,
    "index": 64
  },
  {
    "name": "Load Middleware",
    "start": 1541659580274,
    "end": 1541659580353,
    "duration": 79,
    "pid": 31604,
    "index": 65
  },
  {
    "name": "Load \"middlewares\" to Application",
    "start": 1541659580274,
    "end": 1541659580344,
    "duration": 70,
    "pid": 31604,
    "index": 66
  },
  {
    "name": "Load Controller",
    "start": 1541659580354,
    "end": 1541659580360,
    "duration": 6,
    "pid": 31604,
    "index": 67
  },
  {
    "name": "Load \"controller\" to Application",
    "start": 1541659580354,
    "end": 1541659580360,
    "duration": 6,
    "pid": 31604,
    "index": 68
  },
  {
    "name": "Load Router",
    "start": 1541659580361,
    "end": 1541659580363,
    "duration": 2,
    "pid": 31604,
    "index": 69
  },
  {
    "name": "Require(51) app/router.js",
    "start": 1541659580361,
    "end": 1541659580361,
    "duration": 0,
    "pid": 31604,
    "index": 70
  },
  {
    "name": "Before Start in node_modules/egg-core/lib/egg.js:287:10",
    "start": 1541659580361,
    "end": 1541659580392,
    "duration": 31,
    "pid": 31604,
    "index": 71
  },
  {
    "name": "Load \"model\" to Application",
    "start": 1541659580390,
    "end": 1541659580391,
    "duration": 1,
    "pid": 31604,
    "index": 72
  }
]