[
  {
    "name": "Application Start",
    "start": 1541661613543,
    "end": 1541661619485,
    "duration": 5942,
    "pid": 40280,
    "index": 0
  },
  {
    "name": "Load Plugin",
    "start": 1541661613552,
    "end": 1541661613780,
    "duration": 228,
    "pid": 40280,
    "index": 1
  },
  {
    "name": "Load Config",
    "start": 1541661613780,
    "end": 1541661613894,
    "duration": 114,
    "pid": 40280,
    "index": 2
  },
  {
    "name": "Require(0) config/config.default.js",
    "start": 1541661613780,
    "end": 1541661613781,
    "duration": 1,
    "pid": 40280,
    "index": 3
  },
  {
    "name": "Require(1) node_modules/egg-session/config/config.default.js",
    "start": 1541661613782,
    "end": 1541661613782,
    "duration": 0,
    "pid": 40280,
    "index": 4
  },
  {
    "name": "Require(2) node_modules/egg-security/config/config.default.js",
    "start": 1541661613783,
    "end": 1541661613793,
    "duration": 10,
    "pid": 40280,
    "index": 5
  },
  {
    "name": "Require(3) node_modules/egg-jsonp/config/config.default.js",
    "start": 1541661613793,
    "end": 1541661613794,
    "duration": 1,
    "pid": 40280,
    "index": 6
  },
  {
    "name": "Require(4) node_modules/egg-onerror/config/config.default.js",
    "start": 1541661613794,
    "end": 1541661613794,
    "duration": 0,
    "pid": 40280,
    "index": 7
  },
  {
    "name": "Require(5) node_modules/egg-i18n/config/config.default.js",
    "start": 1541661613795,
    "end": 1541661613809,
    "duration": 14,
    "pid": 40280,
    "index": 8
  },
  {
    "name": "Require(6) node_modules/egg-watcher/config/config.default.js",
    "start": 1541661613809,
    "end": 1541661613810,
    "duration": 1,
    "pid": 40280,
    "index": 9
  },
  {
    "name": "Require(7) node_modules/egg-schedule/config/config.default.js",
    "start": 1541661613810,
    "end": 1541661613810,
    "duration": 0,
    "pid": 40280,
    "index": 10
  },
  {
    "name": "Require(8) node_modules/egg-multipart/config/config.default.js",
    "start": 1541661613811,
    "end": 1541661613814,
    "duration": 3,
    "pid": 40280,
    "index": 11
  },
  {
    "name": "Require(9) node_modules/egg-development/config/config.default.js",
    "start": 1541661613815,
    "end": 1541661613824,
    "duration": 9,
    "pid": 40280,
    "index": 12
  },
  {
    "name": "Require(10) node_modules/egg-logrotator/config/config.default.js",
    "start": 1541661613825,
    "end": 1541661613833,
    "duration": 8,
    "pid": 40280,
    "index": 13
  },
  {
    "name": "Require(11) node_modules/egg-static/config/config.default.js",
    "start": 1541661613834,
    "end": 1541661613834,
    "duration": 0,
    "pid": 40280,
    "index": 14
  },
  {
    "name": "Require(12) node_modules/egg-view/config/config.default.js",
    "start": 1541661613835,
    "end": 1541661613839,
    "duration": 4,
    "pid": 40280,
    "index": 15
  },
  {
    "name": "Require(13) node_modules/egg-view-nunjucks/config/config.default.js",
    "start": 1541661613840,
    "end": 1541661613846,
    "duration": 6,
    "pid": 40280,
    "index": 16
  },
  {
    "name": "Require(14) node_modules/egg-mongoose/config/config.default.js",
    "start": 1541661613847,
    "end": 1541661613848,
    "duration": 1,
    "pid": 40280,
    "index": 17
  },
  {
    "name": "Require(15) node_modules/egg/config/config.default.js",
    "start": 1541661613848,
    "end": 1541661613862,
    "duration": 14,
    "pid": 40280,
    "index": 18
  },
  {
    "name": "Require(16) config/config.default.js",
    "start": 1541661613885,
    "end": 1541661613885,
    "duration": 0,
    "pid": 40280,
    "index": 19
  },
  {
    "name": "Require(17) node_modules/egg-security/config/config.local.js",
    "start": 1541661613886,
    "end": 1541661613887,
    "duration": 1,
    "pid": 40280,
    "index": 20
  },
  {
    "name": "Require(18) node_modules/egg-watcher/config/config.local.js",
    "start": 1541661613888,
    "end": 1541661613888,
    "duration": 0,
    "pid": 40280,
    "index": 21
  },
  {
    "name": "Require(19) node_modules/egg-view/config/config.local.js",
    "start": 1541661613890,
    "end": 1541661613891,
    "duration": 1,
    "pid": 40280,
    "index": 22
  },
  {
    "name": "Require(20) node_modules/egg-view-nunjucks/config/config.local.js",
    "start": 1541661613891,
    "end": 1541661613892,
    "duration": 1,
    "pid": 40280,
    "index": 23
  },
  {
    "name": "Require(21) node_modules/egg/config/config.local.js",
    "start": 1541661613893,
    "end": 1541661613893,
    "duration": 0,
    "pid": 40280,
    "index": 24
  },
  {
    "name": "Load extend/application.js",
    "start": 1541661613897,
    "end": 1541661614468,
    "duration": 571,
    "pid": 40280,
    "index": 25
  },
  {
    "name": "Require(22) node_modules/egg-session/app/extend/application.js",
    "start": 1541661613898,
    "end": 1541661613914,
    "duration": 16,
    "pid": 40280,
    "index": 26
  },
  {
    "name": "Require(23) node_modules/egg-security/app/extend/application.js",
    "start": 1541661613915,
    "end": 1541661613921,
    "duration": 6,
    "pid": 40280,
    "index": 27
  },
  {
    "name": "Require(24) node_modules/egg-jsonp/app/extend/application.js",
    "start": 1541661613922,
    "end": 1541661613929,
    "duration": 7,
    "pid": 40280,
    "index": 28
  },
  {
    "name": "Require(25) node_modules/egg-logrotator/app/extend/application.js",
    "start": 1541661613930,
    "end": 1541661613940,
    "duration": 10,
    "pid": 40280,
    "index": 29
  },
  {
    "name": "Require(26) node_modules/egg-view/app/extend/application.js",
    "start": 1541661613943,
    "end": 1541661613946,
    "duration": 3,
    "pid": 40280,
    "index": 30
  },
  {
    "name": "Require(27) node_modules/egg-view-nunjucks/app/extend/application.js",
    "start": 1541661613946,
    "end": 1541661614466,
    "duration": 520,
    "pid": 40280,
    "index": 31
  },
  {
    "name": "Load extend/request.js",
    "start": 1541661614468,
    "end": 1541661614479,
    "duration": 11,
    "pid": 40280,
    "index": 32
  },
  {
    "name": "Require(28) node_modules/egg/app/extend/request.js",
    "start": 1541661614469,
    "end": 1541661614477,
    "duration": 8,
    "pid": 40280,
    "index": 33
  },
  {
    "name": "Load extend/response.js",
    "start": 1541661614479,
    "end": 1541661614492,
    "duration": 13,
    "pid": 40280,
    "index": 34
  },
  {
    "name": "Require(29) node_modules/egg/app/extend/response.js",
    "start": 1541661614480,
    "end": 1541661614491,
    "duration": 11,
    "pid": 40280,
    "index": 35
  },
  {
    "name": "Load extend/context.js",
    "start": 1541661614492,
    "end": 1541661615048,
    "duration": 556,
    "pid": 40280,
    "index": 36
  },
  {
    "name": "Require(30) node_modules/egg-security/app/extend/context.js",
    "start": 1541661614493,
    "end": 1541661614692,
    "duration": 199,
    "pid": 40280,
    "index": 37
  },
  {
    "name": "Require(31) node_modules/egg-jsonp/app/extend/context.js",
    "start": 1541661614692,
    "end": 1541661614724,
    "duration": 32,
    "pid": 40280,
    "index": 38
  },
  {
    "name": "Require(32) node_modules/egg-i18n/app/extend/context.js",
    "start": 1541661614724,
    "end": 1541661614725,
    "duration": 1,
    "pid": 40280,
    "index": 39
  },
  {
    "name": "Require(33) node_modules/egg-multipart/app/extend/context.js",
    "start": 1541661614725,
    "end": 1541661615022,
    "duration": 297,
    "pid": 40280,
    "index": 40
  },
  {
    "name": "Require(34) node_modules/egg-view/app/extend/context.js",
    "start": 1541661615023,
    "end": 1541661615039,
    "duration": 16,
    "pid": 40280,
    "index": 41
  },
  {
    "name": "Require(35) node_modules/egg-mongoose/app/extend/context.js",
    "start": 1541661615040,
    "end": 1541661615041,
    "duration": 1,
    "pid": 40280,
    "index": 42
  },
  {
    "name": "Require(36) node_modules/egg/app/extend/context.js",
    "start": 1541661615041,
    "end": 1541661615047,
    "duration": 6,
    "pid": 40280,
    "index": 43
  },
  {
    "name": "Load extend/helper.js",
    "start": 1541661615049,
    "end": 1541661615182,
    "duration": 133,
    "pid": 40280,
    "index": 44
  },
  {
    "name": "Require(37) node_modules/egg-security/app/extend/helper.js",
    "start": 1541661615049,
    "end": 1541661615170,
    "duration": 121,
    "pid": 40280,
    "index": 45
  },
  {
    "name": "Require(38) node_modules/egg/app/extend/helper.js",
    "start": 1541661615171,
    "end": 1541661615181,
    "duration": 10,
    "pid": 40280,
    "index": 46
  },
  {
    "name": "Load app.js",
    "start": 1541661615182,
    "end": 1541661615614,
    "duration": 432,
    "pid": 40280,
    "index": 47
  },
  {
    "name": "Require(39) node_modules/egg-session/app.js",
    "start": 1541661615183,
    "end": 1541661615183,
    "duration": 0,
    "pid": 40280,
    "index": 48
  },
  {
    "name": "Require(40) node_modules/egg-security/app.js",
    "start": 1541661615183,
    "end": 1541661615189,
    "duration": 6,
    "pid": 40280,
    "index": 49
  },
  {
    "name": "Require(41) node_modules/egg-onerror/app.js",
    "start": 1541661615189,
    "end": 1541661615360,
    "duration": 171,
    "pid": 40280,
    "index": 50
  },
  {
    "name": "Require(42) node_modules/egg-i18n/app.js",
    "start": 1541661615363,
    "end": 1541661615523,
    "duration": 160,
    "pid": 40280,
    "index": 51
  },
  {
    "name": "Require(43) node_modules/egg-watcher/app.js",
    "start": 1541661615523,
    "end": 1541661615549,
    "duration": 26,
    "pid": 40280,
    "index": 52
  },
  {
    "name": "Require(44) node_modules/egg-schedule/app.js",
    "start": 1541661615549,
    "end": 1541661615562,
    "duration": 13,
    "pid": 40280,
    "index": 53
  },
  {
    "name": "Require(45) node_modules/egg-multipart/app.js",
    "start": 1541661615563,
    "end": 1541661615610,
    "duration": 47,
    "pid": 40280,
    "index": 54
  },
  {
    "name": "Require(46) node_modules/egg-development/app.js",
    "start": 1541661615611,
    "end": 1541661615611,
    "duration": 0,
    "pid": 40280,
    "index": 55
  },
  {
    "name": "Require(47) node_modules/egg-logrotator/app.js",
    "start": 1541661615611,
    "end": 1541661615611,
    "duration": 0,
    "pid": 40280,
    "index": 56
  },
  {
    "name": "Require(48) node_modules/egg-static/app.js",
    "start": 1541661615612,
    "end": 1541661615612,
    "duration": 0,
    "pid": 40280,
    "index": 57
  },
  {
    "name": "Require(49) node_modules/egg-view-nunjucks/app.js",
    "start": 1541661615612,
    "end": 1541661615613,
    "duration": 1,
    "pid": 40280,
    "index": 58
  },
  {
    "name": "Require(50) node_modules/egg-mongoose/app.js",
    "start": 1541661615613,
    "end": 1541661615613,
    "duration": 0,
    "pid": 40280,
    "index": 59
  },
  {
    "name": "Before Start in node_modules/egg-watcher/lib/init.js:15:14",
    "start": 1541661615650,
    "end": 1541661619485,
    "duration": 3835,
    "pid": 40280,
    "index": 60
  },
  {
    "name": "Before Start in node_modules/egg-mongoose/lib/mongoose.js:83:7",
    "start": 1541661618735,
    "end": 1541661619483,
    "duration": 748,
    "pid": 40280,
    "index": 61
  },
  {
    "name": "Before Start in node_modules/egg-mongoose/lib/mongoose.js:42:9",
    "start": 1541661618735,
    "end": 1541661619465,
    "duration": 730,
    "pid": 40280,
    "index": 62
  },
  {
    "name": "Load Service",
    "start": 1541661618736,
    "end": 1541661618739,
    "duration": 3,
    "pid": 40280,
    "index": 63
  },
  {
    "name": "Load \"service\" to Context",
    "start": 1541661618736,
    "end": 1541661618739,
    "duration": 3,
    "pid": 40280,
    "index": 64
  },
  {
    "name": "Load Middleware",
    "start": 1541661618739,
    "end": 1541661619373,
    "duration": 634,
    "pid": 40280,
    "index": 65
  },
  {
    "name": "Load \"middlewares\" to Application",
    "start": 1541661618739,
    "end": 1541661619342,
    "duration": 603,
    "pid": 40280,
    "index": 66
  },
  {
    "name": "Load Controller",
    "start": 1541661619373,
    "end": 1541661619442,
    "duration": 69,
    "pid": 40280,
    "index": 67
  },
  {
    "name": "Load \"controller\" to Application",
    "start": 1541661619373,
    "end": 1541661619442,
    "duration": 69,
    "pid": 40280,
    "index": 68
  },
  {
    "name": "Load Router",
    "start": 1541661619442,
    "end": 1541661619445,
    "duration": 3,
    "pid": 40280,
    "index": 69
  },
  {
    "name": "Require(51) app/router.js",
    "start": 1541661619442,
    "end": 1541661619442,
    "duration": 0,
    "pid": 40280,
    "index": 70
  },
  {
    "name": "Before Start in node_modules/egg-core/lib/egg.js:287:10",
    "start": 1541661619443,
    "end": 1541661619465,
    "duration": 22,
    "pid": 40280,
    "index": 71
  },
  {
    "name": "Load \"model\" to Application",
    "start": 1541661619464,
    "end": 1541661619465,
    "duration": 1,
    "pid": 40280,
    "index": 72
  }
]