[
  {
    "name": "Application Start",
    "start": 1541659993686,
    "end": 1541659994303,
    "duration": 617,
    "pid": 20836,
    "index": 0
  },
  {
    "name": "Load Plugin",
    "start": 1541659993690,
    "end": 1541659993702,
    "duration": 12,
    "pid": 20836,
    "index": 1
  },
  {
    "name": "Load Config",
    "start": 1541659993702,
    "end": 1541659993718,
    "duration": 16,
    "pid": 20836,
    "index": 2
  },
  {
    "name": "Require(0) config/config.default.js",
    "start": 1541659993703,
    "end": 1541659993703,
    "duration": 0,
    "pid": 20836,
    "index": 3
  },
  {
    "name": "Require(1) node_modules/egg-session/config/config.default.js",
    "start": 1541659993704,
    "end": 1541659993705,
    "duration": 1,
    "pid": 20836,
    "index": 4
  },
  {
    "name": "Require(2) node_modules/egg-security/config/config.default.js",
    "start": 1541659993705,
    "end": 1541659993705,
    "duration": 0,
    "pid": 20836,
    "index": 5
  },
  {
    "name": "Require(3) node_modules/egg-jsonp/config/config.default.js",
    "start": 1541659993706,
    "end": 1541659993706,
    "duration": 0,
    "pid": 20836,
    "index": 6
  },
  {
    "name": "Require(4) node_modules/egg-onerror/config/config.default.js",
    "start": 1541659993707,
    "end": 1541659993707,
    "duration": 0,
    "pid": 20836,
    "index": 7
  },
  {
    "name": "Require(5) node_modules/egg-i18n/config/config.default.js",
    "start": 1541659993707,
    "end": 1541659993709,
    "duration": 2,
    "pid": 20836,
    "index": 8
  },
  {
    "name": "Require(6) node_modules/egg-watcher/config/config.default.js",
    "start": 1541659993709,
    "end": 1541659993710,
    "duration": 1,
    "pid": 20836,
    "index": 9
  },
  {
    "name": "Require(7) node_modules/egg-schedule/config/config.default.js",
    "start": 1541659993710,
    "end": 1541659993710,
    "duration": 0,
    "pid": 20836,
    "index": 10
  },
  {
    "name": "Require(8) node_modules/egg-multipart/config/config.default.js",
    "start": 1541659993710,
    "end": 1541659993711,
    "duration": 1,
    "pid": 20836,
    "index": 11
  },
  {
    "name": "Require(9) node_modules/egg-development/config/config.default.js",
    "start": 1541659993711,
    "end": 1541659993711,
    "duration": 0,
    "pid": 20836,
    "index": 12
  },
  {
    "name": "Require(10) node_modules/egg-logrotator/config/config.default.js",
    "start": 1541659993711,
    "end": 1541659993712,
    "duration": 1,
    "pid": 20836,
    "index": 13
  },
  {
    "name": "Require(11) node_modules/egg-static/config/config.default.js",
    "start": 1541659993712,
    "end": 1541659993712,
    "duration": 0,
    "pid": 20836,
    "index": 14
  },
  {
    "name": "Require(12) node_modules/egg-view/config/config.default.js",
    "start": 1541659993712,
    "end": 1541659993713,
    "duration": 1,
    "pid": 20836,
    "index": 15
  },
  {
    "name": "Require(13) node_modules/egg-view-nunjucks/config/config.default.js",
    "start": 1541659993713,
    "end": 1541659993713,
    "duration": 0,
    "pid": 20836,
    "index": 16
  },
  {
    "name": "Require(14) node_modules/egg-mongoose/config/config.default.js",
    "start": 1541659993713,
    "end": 1541659993714,
    "duration": 1,
    "pid": 20836,
    "index": 17
  },
  {
    "name": "Require(15) node_modules/egg/config/config.default.js",
    "start": 1541659993714,
    "end": 1541659993714,
    "duration": 0,
    "pid": 20836,
    "index": 18
  },
  {
    "name": "Require(16) config/config.default.js",
    "start": 1541659993715,
    "end": 1541659993715,
    "duration": 0,
    "pid": 20836,
    "index": 19
  },
  {
    "name": "Require(17) node_modules/egg-security/config/config.local.js",
    "start": 1541659993716,
    "end": 1541659993716,
    "duration": 0,
    "pid": 20836,
    "index": 20
  },
  {
    "name": "Require(18) node_modules/egg-watcher/config/config.local.js",
    "start": 1541659993716,
    "end": 1541659993716,
    "duration": 0,
    "pid": 20836,
    "index": 21
  },
  {
    "name": "Require(19) node_modules/egg-view/config/config.local.js",
    "start": 1541659993717,
    "end": 1541659993717,
    "duration": 0,
    "pid": 20836,
    "index": 22
  },
  {
    "name": "Require(20) node_modules/egg-view-nunjucks/config/config.local.js",
    "start": 1541659993717,
    "end": 1541659993718,
    "duration": 1,
    "pid": 20836,
    "index": 23
  },
  {
    "name": "Require(21) node_modules/egg/config/config.local.js",
    "start": 1541659993718,
    "end": 1541659993718,
    "duration": 0,
    "pid": 20836,
    "index": 24
  },
  {
    "name": "Load extend/application.js",
    "start": 1541659993719,
    "end": 1541659993761,
    "duration": 42,
    "pid": 20836,
    "index": 25
  },
  {
    "name": "Require(22) node_modules/egg-session/app/extend/application.js",
    "start": 1541659993720,
    "end": 1541659993720,
    "duration": 0,
    "pid": 20836,
    "index": 26
  },
  {
    "name": "Require(23) node_modules/egg-security/app/extend/application.js",
    "start": 1541659993720,
    "end": 1541659993721,
    "duration": 1,
    "pid": 20836,
    "index": 27
  },
  {
    "name": "Require(24) node_modules/egg-jsonp/app/extend/application.js",
    "start": 1541659993721,
    "end": 1541659993722,
    "duration": 1,
    "pid": 20836,
    "index": 28
  },
  {
    "name": "Require(25) node_modules/egg-logrotator/app/extend/application.js",
    "start": 1541659993723,
    "end": 1541659993724,
    "duration": 1,
    "pid": 20836,
    "index": 29
  },
  {
    "name": "Require(26) node_modules/egg-view/app/extend/application.js",
    "start": 1541659993725,
    "end": 1541659993726,
    "duration": 1,
    "pid": 20836,
    "index": 30
  },
  {
    "name": "Require(27) node_modules/egg-view-nunjucks/app/extend/application.js",
    "start": 1541659993726,
    "end": 1541659993759,
    "duration": 33,
    "pid": 20836,
    "index": 31
  },
  {
    "name": "Load extend/request.js",
    "start": 1541659993761,
    "end": 1541659993765,
    "duration": 4,
    "pid": 20836,
    "index": 32
  },
  {
    "name": "Require(28) node_modules/egg/app/extend/request.js",
    "start": 1541659993762,
    "end": 1541659993763,
    "duration": 1,
    "pid": 20836,
    "index": 33
  },
  {
    "name": "Load extend/response.js",
    "start": 1541659993765,
    "end": 1541659993768,
    "duration": 3,
    "pid": 20836,
    "index": 34
  },
  {
    "name": "Require(29) node_modules/egg/app/extend/response.js",
    "start": 1541659993766,
    "end": 1541659993767,
    "duration": 1,
    "pid": 20836,
    "index": 35
  },
  {
    "name": "Load extend/context.js",
    "start": 1541659993768,
    "end": 1541659993815,
    "duration": 47,
    "pid": 20836,
    "index": 36
  },
  {
    "name": "Require(30) node_modules/egg-security/app/extend/context.js",
    "start": 1541659993768,
    "end": 1541659993780,
    "duration": 12,
    "pid": 20836,
    "index": 37
  },
  {
    "name": "Require(31) node_modules/egg-jsonp/app/extend/context.js",
    "start": 1541659993780,
    "end": 1541659993781,
    "duration": 1,
    "pid": 20836,
    "index": 38
  },
  {
    "name": "Require(32) node_modules/egg-i18n/app/extend/context.js",
    "start": 1541659993781,
    "end": 1541659993781,
    "duration": 0,
    "pid": 20836,
    "index": 39
  },
  {
    "name": "Require(33) node_modules/egg-multipart/app/extend/context.js",
    "start": 1541659993782,
    "end": 1541659993811,
    "duration": 29,
    "pid": 20836,
    "index": 40
  },
  {
    "name": "Require(34) node_modules/egg-view/app/extend/context.js",
    "start": 1541659993811,
    "end": 1541659993812,
    "duration": 1,
    "pid": 20836,
    "index": 41
  },
  {
    "name": "Require(35) node_modules/egg-mongoose/app/extend/context.js",
    "start": 1541659993812,
    "end": 1541659993813,
    "duration": 1,
    "pid": 20836,
    "index": 42
  },
  {
    "name": "Require(36) node_modules/egg/app/extend/context.js",
    "start": 1541659993813,
    "end": 1541659993814,
    "duration": 1,
    "pid": 20836,
    "index": 43
  },
  {
    "name": "Load extend/helper.js",
    "start": 1541659993815,
    "end": 1541659993830,
    "duration": 15,
    "pid": 20836,
    "index": 44
  },
  {
    "name": "Require(37) node_modules/egg-security/app/extend/helper.js",
    "start": 1541659993816,
    "end": 1541659993827,
    "duration": 11,
    "pid": 20836,
    "index": 45
  },
  {
    "name": "Require(38) node_modules/egg/app/extend/helper.js",
    "start": 1541659993828,
    "end": 1541659993829,
    "duration": 1,
    "pid": 20836,
    "index": 46
  },
  {
    "name": "Load app.js",
    "start": 1541659993830,
    "end": 1541659993860,
    "duration": 30,
    "pid": 20836,
    "index": 47
  },
  {
    "name": "Require(39) node_modules/egg-session/app.js",
    "start": 1541659993830,
    "end": 1541659993830,
    "duration": 0,
    "pid": 20836,
    "index": 48
  },
  {
    "name": "Require(40) node_modules/egg-security/app.js",
    "start": 1541659993831,
    "end": 1541659993832,
    "duration": 1,
    "pid": 20836,
    "index": 49
  },
  {
    "name": "Require(41) node_modules/egg-onerror/app.js",
    "start": 1541659993832,
    "end": 1541659993838,
    "duration": 6,
    "pid": 20836,
    "index": 50
  },
  {
    "name": "Require(42) node_modules/egg-i18n/app.js",
    "start": 1541659993839,
    "end": 1541659993852,
    "duration": 13,
    "pid": 20836,
    "index": 51
  },
  {
    "name": "Require(43) node_modules/egg-watcher/app.js",
    "start": 1541659993852,
    "end": 1541659993854,
    "duration": 2,
    "pid": 20836,
    "index": 52
  },
  {
    "name": "Require(44) node_modules/egg-schedule/app.js",
    "start": 1541659993854,
    "end": 1541659993855,
    "duration": 1,
    "pid": 20836,
    "index": 53
  },
  {
    "name": "Require(45) node_modules/egg-multipart/app.js",
    "start": 1541659993856,
    "end": 1541659993857,
    "duration": 1,
    "pid": 20836,
    "index": 54
  },
  {
    "name": "Require(46) node_modules/egg-development/app.js",
    "start": 1541659993857,
    "end": 1541659993858,
    "duration": 1,
    "pid": 20836,
    "index": 55
  },
  {
    "name": "Require(47) node_modules/egg-logrotator/app.js",
    "start": 1541659993858,
    "end": 1541659993858,
    "duration": 0,
    "pid": 20836,
    "index": 56
  },
  {
    "name": "Require(48) node_modules/egg-static/app.js",
    "start": 1541659993858,
    "end": 1541659993858,
    "duration": 0,
    "pid": 20836,
    "index": 57
  },
  {
    "name": "Require(49) node_modules/egg-view-nunjucks/app.js",
    "start": 1541659993859,
    "end": 1541659993859,
    "duration": 0,
    "pid": 20836,
    "index": 58
  },
  {
    "name": "Require(50) node_modules/egg-mongoose/app.js",
    "start": 1541659993859,
    "end": 1541659993860,
    "duration": 1,
    "pid": 20836,
    "index": 59
  },
  {
    "name": "Before Start in node_modules/egg-watcher/lib/init.js:15:14",
    "start": 1541659993871,
    "end": 1541659994302,
    "duration": 431,
    "pid": 20836,
    "index": 60
  },
  {
    "name": "Before Start in node_modules/egg-mongoose/lib/mongoose.js:83:7",
    "start": 1541659994192,
    "end": 1541659994300,
    "duration": 108,
    "pid": 20836,
    "index": 61
  },
  {
    "name": "Before Start in node_modules/egg-mongoose/lib/mongoose.js:42:9",
    "start": 1541659994192,
    "end": 1541659994285,
    "duration": 93,
    "pid": 20836,
    "index": 62
  },
  {
    "name": "Load Service",
    "start": 1541659994193,
    "end": 1541659994196,
    "duration": 3,
    "pid": 20836,
    "index": 63
  },
  {
    "name": "Load \"service\" to Context",
    "start": 1541659994193,
    "end": 1541659994196,
    "duration": 3,
    "pid": 20836,
    "index": 64
  },
  {
    "name": "Load Middleware",
    "start": 1541659994196,
    "end": 1541659994260,
    "duration": 64,
    "pid": 20836,
    "index": 65
  },
  {
    "name": "Load \"middlewares\" to Application",
    "start": 1541659994196,
    "end": 1541659994252,
    "duration": 56,
    "pid": 20836,
    "index": 66
  },
  {
    "name": "Load Controller",
    "start": 1541659994260,
    "end": 1541659994264,
    "duration": 4,
    "pid": 20836,
    "index": 67
  },
  {
    "name": "Load \"controller\" to Application",
    "start": 1541659994260,
    "end": 1541659994264,
    "duration": 4,
    "pid": 20836,
    "index": 68
  },
  {
    "name": "Load Router",
    "start": 1541659994265,
    "end": 1541659994266,
    "duration": 1,
    "pid": 20836,
    "index": 69
  },
  {
    "name": "Require(51) app/router.js",
    "start": 1541659994265,
    "end": 1541659994265,
    "duration": 0,
    "pid": 20836,
    "index": 70
  },
  {
    "name": "Before Start in node_modules/egg-core/lib/egg.js:287:10",
    "start": 1541659994265,
    "end": 1541659994286,
    "duration": 21,
    "pid": 20836,
    "index": 71
  },
  {
    "name": "Load \"model\" to Application",
    "start": 1541659994284,
    "end": 1541659994285,
    "duration": 1,
    "pid": 20836,
    "index": 72
  }
]