[
  {
    "name": "Application Start",
    "start": 1541659879252,
    "end": 1541659884637,
    "duration": 5385,
    "pid": 31860,
    "index": 0
  },
  {
    "name": "Load Plugin",
    "start": 1541659879263,
    "end": 1541659879388,
    "duration": 125,
    "pid": 31860,
    "index": 1
  },
  {
    "name": "Load Config",
    "start": 1541659879388,
    "end": 1541659879496,
    "duration": 108,
    "pid": 31860,
    "index": 2
  },
  {
    "name": "Require(0) config/config.default.js",
    "start": 1541659879389,
    "end": 1541659879389,
    "duration": 0,
    "pid": 31860,
    "index": 3
  },
  {
    "name": "Require(1) node_modules/egg-session/config/config.default.js",
    "start": 1541659879391,
    "end": 1541659879391,
    "duration": 0,
    "pid": 31860,
    "index": 4
  },
  {
    "name": "Require(2) node_modules/egg-security/config/config.default.js",
    "start": 1541659879392,
    "end": 1541659879401,
    "duration": 9,
    "pid": 31860,
    "index": 5
  },
  {
    "name": "Require(3) node_modules/egg-jsonp/config/config.default.js",
    "start": 1541659879402,
    "end": 1541659879402,
    "duration": 0,
    "pid": 31860,
    "index": 6
  },
  {
    "name": "Require(4) node_modules/egg-onerror/config/config.default.js",
    "start": 1541659879403,
    "end": 1541659879403,
    "duration": 0,
    "pid": 31860,
    "index": 7
  },
  {
    "name": "Require(5) node_modules/egg-i18n/config/config.default.js",
    "start": 1541659879403,
    "end": 1541659879417,
    "duration": 14,
    "pid": 31860,
    "index": 8
  },
  {
    "name": "Require(6) node_modules/egg-watcher/config/config.default.js",
    "start": 1541659879418,
    "end": 1541659879419,
    "duration": 1,
    "pid": 31860,
    "index": 9
  },
  {
    "name": "Require(7) node_modules/egg-schedule/config/config.default.js",
    "start": 1541659879419,
    "end": 1541659879419,
    "duration": 0,
    "pid": 31860,
    "index": 10
  },
  {
    "name": "Require(8) node_modules/egg-multipart/config/config.default.js",
    "start": 1541659879420,
    "end": 1541659879423,
    "duration": 3,
    "pid": 31860,
    "index": 11
  },
  {
    "name": "Require(9) node_modules/egg-development/config/config.default.js",
    "start": 1541659879423,
    "end": 1541659879433,
    "duration": 10,
    "pid": 31860,
    "index": 12
  },
  {
    "name": "Require(10) node_modules/egg-logrotator/config/config.default.js",
    "start": 1541659879433,
    "end": 1541659879442,
    "duration": 9,
    "pid": 31860,
    "index": 13
  },
  {
    "name": "Require(11) node_modules/egg-static/config/config.default.js",
    "start": 1541659879442,
    "end": 1541659879443,
    "duration": 1,
    "pid": 31860,
    "index": 14
  },
  {
    "name": "Require(12) node_modules/egg-view/config/config.default.js",
    "start": 1541659879443,
    "end": 1541659879448,
    "duration": 5,
    "pid": 31860,
    "index": 15
  },
  {
    "name": "Require(13) node_modules/egg-view-nunjucks/config/config.default.js",
    "start": 1541659879448,
    "end": 1541659879454,
    "duration": 6,
    "pid": 31860,
    "index": 16
  },
  {
    "name": "Require(14) node_modules/egg-mongoose/config/config.default.js",
    "start": 1541659879455,
    "end": 1541659879455,
    "duration": 0,
    "pid": 31860,
    "index": 17
  },
  {
    "name": "Require(15) node_modules/egg/config/config.default.js",
    "start": 1541659879455,
    "end": 1541659879471,
    "duration": 16,
    "pid": 31860,
    "index": 18
  },
  {
    "name": "Require(16) config/config.default.js",
    "start": 1541659879492,
    "end": 1541659879492,
    "duration": 0,
    "pid": 31860,
    "index": 19
  },
  {
    "name": "Require(17) node_modules/egg-security/config/config.local.js",
    "start": 1541659879493,
    "end": 1541659879493,
    "duration": 0,
    "pid": 31860,
    "index": 20
  },
  {
    "name": "Require(18) node_modules/egg-watcher/config/config.local.js",
    "start": 1541659879494,
    "end": 1541659879494,
    "duration": 0,
    "pid": 31860,
    "index": 21
  },
  {
    "name": "Require(19) node_modules/egg-view/config/config.local.js",
    "start": 1541659879495,
    "end": 1541659879495,
    "duration": 0,
    "pid": 31860,
    "index": 22
  },
  {
    "name": "Require(20) node_modules/egg-view-nunjucks/config/config.local.js",
    "start": 1541659879495,
    "end": 1541659879495,
    "duration": 0,
    "pid": 31860,
    "index": 23
  },
  {
    "name": "Require(21) node_modules/egg/config/config.local.js",
    "start": 1541659879496,
    "end": 1541659879496,
    "duration": 0,
    "pid": 31860,
    "index": 24
  },
  {
    "name": "Load extend/application.js",
    "start": 1541659879497,
    "end": 1541659879976,
    "duration": 479,
    "pid": 31860,
    "index": 25
  },
  {
    "name": "Require(22) node_modules/egg-session/app/extend/application.js",
    "start": 1541659879498,
    "end": 1541659879505,
    "duration": 7,
    "pid": 31860,
    "index": 26
  },
  {
    "name": "Require(23) node_modules/egg-security/app/extend/application.js",
    "start": 1541659879506,
    "end": 1541659879512,
    "duration": 6,
    "pid": 31860,
    "index": 27
  },
  {
    "name": "Require(24) node_modules/egg-jsonp/app/extend/application.js",
    "start": 1541659879513,
    "end": 1541659879520,
    "duration": 7,
    "pid": 31860,
    "index": 28
  },
  {
    "name": "Require(25) node_modules/egg-logrotator/app/extend/application.js",
    "start": 1541659879521,
    "end": 1541659879531,
    "duration": 10,
    "pid": 31860,
    "index": 29
  },
  {
    "name": "Require(26) node_modules/egg-view/app/extend/application.js",
    "start": 1541659879532,
    "end": 1541659879533,
    "duration": 1,
    "pid": 31860,
    "index": 30
  },
  {
    "name": "Require(27) node_modules/egg-view-nunjucks/app/extend/application.js",
    "start": 1541659879534,
    "end": 1541659879974,
    "duration": 440,
    "pid": 31860,
    "index": 31
  },
  {
    "name": "Load extend/request.js",
    "start": 1541659879976,
    "end": 1541659879986,
    "duration": 10,
    "pid": 31860,
    "index": 32
  },
  {
    "name": "Require(28) node_modules/egg/app/extend/request.js",
    "start": 1541659879978,
    "end": 1541659879985,
    "duration": 7,
    "pid": 31860,
    "index": 33
  },
  {
    "name": "Load extend/response.js",
    "start": 1541659879986,
    "end": 1541659880000,
    "duration": 14,
    "pid": 31860,
    "index": 34
  },
  {
    "name": "Require(29) node_modules/egg/app/extend/response.js",
    "start": 1541659879988,
    "end": 1541659879999,
    "duration": 11,
    "pid": 31860,
    "index": 35
  },
  {
    "name": "Load extend/context.js",
    "start": 1541659880000,
    "end": 1541659880506,
    "duration": 506,
    "pid": 31860,
    "index": 36
  },
  {
    "name": "Require(30) node_modules/egg-security/app/extend/context.js",
    "start": 1541659880001,
    "end": 1541659880177,
    "duration": 176,
    "pid": 31860,
    "index": 37
  },
  {
    "name": "Require(31) node_modules/egg-jsonp/app/extend/context.js",
    "start": 1541659880178,
    "end": 1541659880199,
    "duration": 21,
    "pid": 31860,
    "index": 38
  },
  {
    "name": "Require(32) node_modules/egg-i18n/app/extend/context.js",
    "start": 1541659880200,
    "end": 1541659880201,
    "duration": 1,
    "pid": 31860,
    "index": 39
  },
  {
    "name": "Require(33) node_modules/egg-multipart/app/extend/context.js",
    "start": 1541659880202,
    "end": 1541659880480,
    "duration": 278,
    "pid": 31860,
    "index": 40
  },
  {
    "name": "Require(34) node_modules/egg-view/app/extend/context.js",
    "start": 1541659880481,
    "end": 1541659880498,
    "duration": 17,
    "pid": 31860,
    "index": 41
  },
  {
    "name": "Require(35) node_modules/egg-mongoose/app/extend/context.js",
    "start": 1541659880498,
    "end": 1541659880498,
    "duration": 0,
    "pid": 31860,
    "index": 42
  },
  {
    "name": "Require(36) node_modules/egg/app/extend/context.js",
    "start": 1541659880499,
    "end": 1541659880504,
    "duration": 5,
    "pid": 31860,
    "index": 43
  },
  {
    "name": "Load extend/helper.js",
    "start": 1541659880506,
    "end": 1541659880632,
    "duration": 126,
    "pid": 31860,
    "index": 44
  },
  {
    "name": "Require(37) node_modules/egg-security/app/extend/helper.js",
    "start": 1541659880506,
    "end": 1541659880621,
    "duration": 115,
    "pid": 31860,
    "index": 45
  },
  {
    "name": "Require(38) node_modules/egg/app/extend/helper.js",
    "start": 1541659880622,
    "end": 1541659880631,
    "duration": 9,
    "pid": 31860,
    "index": 46
  },
  {
    "name": "Load app.js",
    "start": 1541659880633,
    "end": 1541659881005,
    "duration": 372,
    "pid": 31860,
    "index": 47
  },
  {
    "name": "Require(39) node_modules/egg-session/app.js",
    "start": 1541659880633,
    "end": 1541659880633,
    "duration": 0,
    "pid": 31860,
    "index": 48
  },
  {
    "name": "Require(40) node_modules/egg-security/app.js",
    "start": 1541659880634,
    "end": 1541659880639,
    "duration": 5,
    "pid": 31860,
    "index": 49
  },
  {
    "name": "Require(41) node_modules/egg-onerror/app.js",
    "start": 1541659880639,
    "end": 1541659880785,
    "duration": 146,
    "pid": 31860,
    "index": 50
  },
  {
    "name": "Require(42) node_modules/egg-i18n/app.js",
    "start": 1541659880790,
    "end": 1541659880931,
    "duration": 141,
    "pid": 31860,
    "index": 51
  },
  {
    "name": "Require(43) node_modules/egg-watcher/app.js",
    "start": 1541659880932,
    "end": 1541659880957,
    "duration": 25,
    "pid": 31860,
    "index": 52
  },
  {
    "name": "Require(44) node_modules/egg-schedule/app.js",
    "start": 1541659880957,
    "end": 1541659880971,
    "duration": 14,
    "pid": 31860,
    "index": 53
  },
  {
    "name": "Require(45) node_modules/egg-multipart/app.js",
    "start": 1541659880971,
    "end": 1541659881002,
    "duration": 31,
    "pid": 31860,
    "index": 54
  },
  {
    "name": "Require(46) node_modules/egg-development/app.js",
    "start": 1541659881002,
    "end": 1541659881003,
    "duration": 1,
    "pid": 31860,
    "index": 55
  },
  {
    "name": "Require(47) node_modules/egg-logrotator/app.js",
    "start": 1541659881003,
    "end": 1541659881003,
    "duration": 0,
    "pid": 31860,
    "index": 56
  },
  {
    "name": "Require(48) node_modules/egg-static/app.js",
    "start": 1541659881003,
    "end": 1541659881004,
    "duration": 1,
    "pid": 31860,
    "index": 57
  },
  {
    "name": "Require(49) node_modules/egg-view-nunjucks/app.js",
    "start": 1541659881004,
    "end": 1541659881004,
    "duration": 0,
    "pid": 31860,
    "index": 58
  },
  {
    "name": "Require(50) node_modules/egg-mongoose/app.js",
    "start": 1541659881004,
    "end": 1541659881005,
    "duration": 1,
    "pid": 31860,
    "index": 59
  },
  {
    "name": "Before Start in node_modules/egg-watcher/lib/init.js:15:14",
    "start": 1541659881034,
    "end": 1541659884636,
    "duration": 3602,
    "pid": 31860,
    "index": 60
  },
  {
    "name": "Before Start in node_modules/egg-mongoose/lib/mongoose.js:83:7",
    "start": 1541659883953,
    "end": 1541659884634,
    "duration": 681,
    "pid": 31860,
    "index": 61
  },
  {
    "name": "Before Start in node_modules/egg-mongoose/lib/mongoose.js:42:9",
    "start": 1541659883953,
    "end": 1541659884616,
    "duration": 663,
    "pid": 31860,
    "index": 62
  },
  {
    "name": "Load Service",
    "start": 1541659883954,
    "end": 1541659883957,
    "duration": 3,
    "pid": 31860,
    "index": 63
  },
  {
    "name": "Load \"service\" to Context",
    "start": 1541659883954,
    "end": 1541659883957,
    "duration": 3,
    "pid": 31860,
    "index": 64
  },
  {
    "name": "Load Middleware",
    "start": 1541659883957,
    "end": 1541659884564,
    "duration": 607,
    "pid": 31860,
    "index": 65
  },
  {
    "name": "Load \"middlewares\" to Application",
    "start": 1541659883958,
    "end": 1541659884550,
    "duration": 592,
    "pid": 31860,
    "index": 66
  },
  {
    "name": "Load Controller",
    "start": 1541659884564,
    "end": 1541659884592,
    "duration": 28,
    "pid": 31860,
    "index": 67
  },
  {
    "name": "Load \"controller\" to Application",
    "start": 1541659884565,
    "end": 1541659884592,
    "duration": 27,
    "pid": 31860,
    "index": 68
  },
  {
    "name": "Load Router",
    "start": 1541659884592,
    "end": 1541659884595,
    "duration": 3,
    "pid": 31860,
    "index": 69
  },
  {
    "name": "Require(51) app/router.js",
    "start": 1541659884592,
    "end": 1541659884592,
    "duration": 0,
    "pid": 31860,
    "index": 70
  },
  {
    "name": "Before Start in node_modules/egg-core/lib/egg.js:287:10",
    "start": 1541659884593,
    "end": 1541659884616,
    "duration": 23,
    "pid": 31860,
    "index": 71
  },
  {
    "name": "Load \"model\" to Application",
    "start": 1541659884615,
    "end": 1541659884616,
    "duration": 1,
    "pid": 31860,
    "index": 72
  }
]